{
  "fast_period": 30,
  "slow_period": 340,
  "ma_type": "ema",
  "cooldown_minutes": 240,
  "funding_limit_long": 0.0393398516125051,
  "funding_limit_short": -0.010488705645880923,
  "long_only": true
}