{
  "trend_kind": "sma",
  "trend_lookback": 120,
  "flip_band_entry": 0.0575359355325305,
  "flip_band_exit": 0.0181967496225439,
  "vol_window": 60,
  "vol_adapt_k": 0.0075,
  "target_vol": 0.3,
  "min_mult": 0.5,
  "max_mult": 1.5,
  "cooldown_minutes": 180,
  "step_allocation": 0.33,
  "max_position": 0.8,
  "gate_window_days": 90,
  "gate_roc_threshold": 0.0,
  "funding_limit_long": 0.0755046299848594,
  "funding_limit_short": -0.0646811606882935,
  "flip_band": 0.0575359355325305,
  "_generated_by": "wf_pick.py",
  "_generated_at": "2025-11-25T07:36:49+00:00",
  "_source_runs": [
    "opt_results_smart.csv"
  ],
  "_family": "(0.0575, 0.0182, 120, 180, 0.33)"
}